"Length","FullName"
"0","D:\KELTA\apps\api\components\CTA.tsx"
"0","D:\KELTA\apps\api\components\FeatureCards.tsx"
"0","D:\KELTA\apps\api\components\Hero.tsx"
"0","D:\KELTA\apps\api\components\MissionVision.tsx"
"0","D:\KELTA\apps\api\components\Objectives.tsx"
"0","D:\KELTA\apps\api\components\Statistics.tsx"
"0","D:\KELTA\apps\api\components\Story.tsx"
"0","D:\KELTA\apps\api\components\Timeline.tsx"
"0","D:\KELTA\apps\api\data\about.data.ts"
"0","D:\KELTA\apps\api\src\auth\auth.constants.ts"
"0","D:\KELTA\apps\api\src\auth\auth.interface.ts"
"0","D:\KELTA\apps\api\src\auth\auth.types.ts"
"0","D:\KELTA\apps\api\src\auth\dto\login.dto.ts"
"0","D:\KELTA\apps\api\src\auth\dto\refresh-token.dto.ts"
"0","D:\KELTA\apps\api\src\common\constants\permissions.ts"
"0","D:\KELTA\apps\api\src\common\constants\roles.ts"
"0","D:\KELTA\apps\api\src\common\decorators\current-user.decorator.ts"
"0","D:\KELTA\apps\api\src\common\decorators\permissions.decorator.ts"
"0","D:\KELTA\apps\api\src\common\decorators\roles.decorator.ts"
"0","D:\KELTA\apps\api\src\common\guards\jwt-auth.guard.ts"
"0","D:\KELTA\apps\api\src\common\guards\permissions.guard.ts"
"0","D:\KELTA\apps\api\src\common\guards\roles.guard.ts"
"0","D:\KELTA\apps\api\src\common\interfaces\authenticated-user.interface.ts"
"0","D:\KELTA\apps\api\src\common\types\request-with-user.type.ts"
"0","D:\KELTA\apps\api\src\decorators\current-user.decorator.ts"
"0","D:\KELTA\apps\api\src\decorators\permissions.decorator.ts"
"0","D:\KELTA\apps\api\src\decorators\roles.decorator.ts"
"0","D:\KELTA\apps\api\src\guards\jwt-auth.guard.ts"
"0","D:\KELTA\apps\api\src\guards\permissions.guard.ts"
"0","D:\KELTA\apps\api\src\guards\roles.guard.ts"
"0","D:\KELTA\apps\api\src\interfaces\current-user.interface.ts"
"0","D:\KELTA\apps\api\src\strategies\jwt.strategy.ts"
"0","D:\KELTA\apps\api\src\strategies\supabase.strategy.ts"
"0","D:\KELTA\apps\api\types\about.types.ts"
"0","D:\KELTA\apps\web\.ignored_node_modules\next\font\google\index.js"
"0","D:\KELTA\apps\web\.ignored_node_modules\next\font\local\index.js"
"0","D:\KELTA\apps\web\src\components\layout\Footer.tsx"
"0","D:\KELTA\apps\web\src\components\layout\Navbar.tsx"
"0","D:\KELTA\apps\web\src\components\portal\AnnouncementsWidget.tsx"
"0","D:\KELTA\apps\web\src\components\portal\UpcomingEventsWidget.tsx"
"0","D:\KELTA\apps\web\src\components\public\home\DistrictPreviewSection.tsx"
"0","D:\KELTA\apps\web\src\components\public\home\DownloadsSection.tsx"
"0","D:\KELTA\apps\web\src\components\public\home\GalleryPreviewSection.tsx"
"0","D:\KELTA\apps\web\src\components\public\home\hero\HeroContent.tsx"
"0","D:\KELTA\apps\web\src\components\public\home\hero\HeroIllustration.tsx"
"0","D:\KELTA\apps\web\src\components\public\home\hero\HomeHeroSection.tsx"
"0","D:\KELTA\apps\web\src\components\public\home\HomeCTASection.tsx"
"0","D:\KELTA\apps\web\src\components\public\home\PartnersSection.tsx"
"0","D:\KELTA\apps\web\src\components\public\organisation\ContactDirectorySection.tsx"
"0","D:\KELTA\apps\web\src\components\public\organisation\DistrictCommitteeSection.tsx"
"0","D:\KELTA\apps\web\src\components\public\organisation\OfficeBearersSection.tsx"
"0","D:\KELTA\apps\web\src\components\public\organisation\OrganisationHeroSection.tsx"
"0","D:\KELTA\apps\web\src\components\public\organisation\OrganisationStructureSection.tsx"
"0","D:\KELTA\apps\web\src\components\public\organisation\StateCommitteeSection.tsx"
"0","D:\KELTA\apps\web\src\components\shared\EmptyState.tsx"
"0","D:\KELTA\apps\web\src\components\shared\ErrorState.tsx"
"0","D:\KELTA\apps\web\src\components\shared\Loading.tsx"
"0","D:\KELTA\apps\web\src\components\ui\SectionHeading.tsx"
"0","D:\KELTA\apps\web\src\data\public\organisation\contacts.ts"
"0","D:\KELTA\apps\web\src\data\public\organisation\districts.ts"
"0","D:\KELTA\apps\web\src\data\public\organisation\hierarchy.ts"
"0","D:\KELTA\apps\web\src\data\public\organisation\history.ts"
"0","D:\KELTA\apps\web\src\data\public\organisation\index.ts"
"0","D:\KELTA\apps\web\src\data\public\organisation\office-bearers.ts"
"0","D:\KELTA\apps\web\src\data\public\organisation\state-committee.ts"
"0","D:\KELTA\apps\web\src\lib\constants\districts.ts"
"0","D:\KELTA\apps\web\src\lib\constants\documents.ts"
"0","D:\KELTA\apps\web\src\types\public\organisation.types.ts"
